"Type","Maturity","Denominated Currency","Volume","Coupon","Settlement Date","Maturity Date","USD Equivalent","ISIN","Final Terms"
"Green","9","EUR","250000000","0.006","2019-04-03","2027-11-22","285800000","XS1912495691",""
"Green","5","USD","3902000","0","2019-03-22","2024-03-15","3900000","US45905U2L74",""
"Green","4","INR","160000000","0.05","2019-03-15","2023-08-07","2278400.62","XS1863327331",""
"Green","4","ZAR","250000000","0.07","2019-01-28","2023-06-07","18141840.16","XS0941866252",""
"Green","5","INR","140000000","0.042","2019-01-15","2023-12-18","2016225.97","XS1922288169",""
"Green","5","INR","160000000","0.042","2018-12-18","2023-12-18","2240450.78","XS1922288169",""
"Green","5","USD","1055000","0","2018-11-27","2023-11-15","1060000","US45905U6K55",""
"Green","7","AUD","300000000","0.029","2018-11-26","2025-11-26","218070000","AU3CB0258739",""
"Green","9","EUR","600000000","0.006","2018-11-20","2027-11-22","675210000","XS1912495691",""
"Green","7","USD","600000000","0.031","2018-11-20","2025-11-20","600000000","US45905U6L39",""
"Green","5","INR","160000000","0.05","2018-10-30","2023-08-07","2167433.96","XS1863327331",""
"Green","5","SEK","600000000","0.004","2018-10-11","2023-07-17","66792831","XS1856338022",""
"Green","5","IDR","60000000000","0.079","2018-10-10","2023-10-10","4026305.19","XS1891127851",""
"Green","2","USD","200000000","0.029","2018-10-03","2020-10-01","200000000","US45905UX338",""
"Green","5","USD","7410000","0","2018-09-28","2023-09-15","7410000","US45905UW751",""
"Green","5","AUD","3000000","0.023","2018-06-04","2023-06-05","3766043.88","XS1816289364",""
"Green","5","INR","80000000","0.045","2018-04-05","2023-03-24","1229842.12","XS1801822419",""
"Green","5","INR","80000000","0.041","2017-11-28","2022-11-28","1232665.64","XS1724511958",""
"Green","5","USD","15000000","0","2017-09-28","2022-09-28","15000000","US45905UN834",""
"Green","5","INR","1608700000","0.05","2017-09-27","2022-09-27","25100639.73","XS1687324068","https://thedocs.worldbank.org/en/doc/2ddfcd1d5727221d6180ae07b3733740-0340022021/original/ft-2017-XS1687324068.pdf"
"Green","4","TRY","50000000","0.083","2017-09-08","2022-03-04","14475969.89","XS1198022706","http://pubdocs.worldbank.org/en/549061544553137553/ft-2015-XS1198022706-t8.pdf"
"Green","5","USD","15000000","0","2017-08-23","2022-08-23","15000000","US45905UL366",""
"Green","5","USD","300000000","0.02","2017-04-12","2022-04-12","300000000","US45905UG408","http://pubdocs.worldbank.org/en/700631544553165402/ft-2017-US45905UG408.pdf"
"Green","5","USD","50000000","0","2017-04-12","2022-04-12","50000000","US45905UG572","http://pubdocs.worldbank.org/en/952811544553166764/ft-2017-US45905UG572.pdf"
"Green","3","MYR","65000000","0.03","2017-03-13","2020-03-13","14618896.61","XS1576723552","http://pubdocs.worldbank.org/en/302211544553170997/ft-2017-XS1576723552.pdf"
"Green","6","ZAR","100000000","0.07","2017-03-08","2023-06-07","7662835.25","XS0941866252",""
"Green","3","MXN","550000000","0.075","2017-02-07","2020-03-05","26570048.31","XS0490347415","http://pubdocs.worldbank.org/en/733131544553055549/ft-2010-XS0490347415-t10.pdf"
"Green","5","USD","500000000","0.018","2016-11-22","2021-11-22","500000000","US45905UZT41",""
"Green","3","USD","100000000","0.012","2016-11-14","2019-12-15","100000000","XS1517268105",""
"Green","10","USD","1030000","0","2016-09-30","2026-09-30","1030000","US45905UYK41","http://pubdocs.worldbank.org/en/882011544553162552/ft-2016-US45905UYK41.pdf"
"Green","5","INR","200000000","0.055","2016-06-29","2021-06-28","2990431","XS1432564133","http://pubdocs.worldbank.org/en/188831550243927511/ft-2016-XS1432564133.pdf"
"Green","5","INR","140000000","0.054","2016-06-29","2021-06-29","2091113","XS1432390125",""
"Green","10","USD","100000000","0.017","2016-06-29","2026-06-29","100000000","JP500102AGJ1","http://pubdocs.worldbank.org/en/887631550249434718/ft-2016-JP500102AGJ1.pdf"
"Green","5","INR","835000000","0.053","2016-05-27","2021-06-02","12603773.58","XS1401328965",""
"Green","2","USD","280000000","0.01","2016-04-21","2018-10-01","280000000","US45905UWE09",""
"Green","12","USD","50000000","0","2016-04-06","2028-04-06","50000000","XS1386304395","http://pubdocs.worldbank.org/en/833271544553164048/ft-2016-XS1386304395.pdf"
"Green","5","INR","323700000","0.057","2016-03-30","2021-03-30","4809807","XS1379598284",""
"Green","7.5","USD","16387700","0","2016-01-08","2024-07-08","16387700","XS1319581960",""
"Green","10","USD","1440000","0","2015-12-31","2025-12-31","1440000","US45905UUG74",""
"Green","5","INR","205000000","0","2015-11-27","2020-11-30","2412577.97","XS1314903052",""
"Green","5","BRL","100000000","0.118","2015-11-04","2020-11-04","25641025.64","XS1315186921","http://pubdocs.worldbank.org/en/782911544553161009/ft-2015-XS1315186921.pdf"
"Green","5","USD","1000000","0.012","2015-11-02","2020-11-04","1000000","XS1296575373",""
"Green","7","USD","1000000","0.016","2015-11-02","2022-11-04","1000000","XS1296575969",""
"Green","10","USD","1000000","0.02","2015-11-02","2025-11-04","1000000","XS1296661298","https://thedocs.worldbank.org/en/doc/f5878fdd9afd54d354f451d29ea618aa-0340022021/original/ft-2015-XS1296661298.pdf"
"Green","10","USD","2460000","0","2015-10-30","2025-10-30","2460000","US45905UTF11",""
"Green","10","USD","50000000","0","2015-07-03","2025-07-03","50000000","XS1249904597","http://pubdocs.worldbank.org/en/425101544553155253/ft-2015-XS1249904597.pdf"
"Green","10","USD","1330000","0","2015-06-30","2025-06-30","1330000","US45905USP02","http://pubdocs.worldbank.org/en/388671544553136158/ft-2015-US45905USP02.pdf"
"Green","8","USD","83540000","0","2015-06-29","2023-07-05","83540000","XS1233613188","http://pubdocs.worldbank.org/en/215251544553150986/ft-2015-XS1233613188.pdf"
"Green","5","INR","260000000","0.056","2015-06-25","2020-06-25","4080992","XS1241051967",""
"Green","10","USD","29687000","0","2015-05-22","2025-05-22","29687000","US45905URZ92",""
"Green","5","INR","63000000","0.052","2015-05-21","2020-05-22","1012294.26","XS1218772793",""
"Green","10","USD","50000000","0","2015-05-15","2025-05-15","50000000","XS1225604815","http://pubdocs.worldbank.org/en/369311544553149492/ft-2015-XS1225604815.pdf"
"Green","10","MXN","263000000","0.053","2015-05-08","2015-05-18","17372565","XS1233786950","http://pubdocs.worldbank.org/en/127361544553152382/ft-2015-XS1233786950.pdf"
"Green","10","USD","80000000","0.02","2015-05-08","2025-05-08","80000000","XS1225179420","http://pubdocs.worldbank.org/en/398531550249432973/ft-2015-XS1225179420.pdf"
"Green","7","USD","10000000","0","2015-04-30","2022-05-03","10000000","XS1222512094",""
"Green","8","USD","103280000","0","2015-04-30","2023-05-12","103280000","XS1201913651","http://pubdocs.worldbank.org/en/952971544553141980/ft-2015-XS1201913651.pdf"
"Green","5","INR","63000000","0.048","2015-04-20","2020-04-21","1006470.17","XS1202767866",""
"Green","7","USD","10000000","0","2015-04-10","2022-04-11","10000000","XS1205479170","http://pubdocs.worldbank.org/en/513441544553144977/ft-2015-XS1205479170.pdf"
"Green","7","USD","40000000","0","2015-04-10","2022-04-11","40000000","XS1207782266","https://thedocs.worldbank.org/en/doc/f6da097e21eef88dcd87f4ed0fd41489-0340022021/original/ft-2015-XS1207782266.pdf"
"Green","5","INR","63000000","0.044","2015-03-30","2020-03-30","1012780.32","XS1196790445",""
"Green","3","USD","35000000","0","2015-03-30","2018-03-30","35000000","US45905URQ93","http://pubdocs.worldbank.org/en/187381544553133166/ft-2015-US45905URQ93.pdf"
"Green","5","INR","110000000","0.046","2015-03-27","2020-03-27","1767636","XS1201896468",""
"Green","7","USD","13750000","0","2015-03-20","2022-03-21","13750000","XS1199554087",""
"Green","10","USD","600000000","0.021","2015-03-03","2025-03-03","600000000","US45905URL07","http://pubdocs.worldbank.org/en/892061544553131754/ft-2015-US45905URL07.pdf"
"Green","5","INR","250000000","4.05","2015-02-26","2020-02-26","4067680","XS1177458723",""
"Green","5","INR","436000000","0.04","2015-02-26","2020-02-27","7101555.5","XS1179276958",""
"Green","30","EUR","30000000","0.01","2015-02-25","2045-02-25","34230000","XS1192988738","http://pubdocs.worldbank.org/en/657561541196847706/ft-2015-XS1192988738.pdf"
"Green","2","ZAR","200000000","","2015-02-06","2017-03-01","17211703.96","XS0490350393",""
"Green","2","BRL","75000000","0.095","2015-01-29","2017-03-02","28537726.87","XS0490455069",""
"Green","5","INR","348500000","0.042","2015-01-29","2020-01-30","5507591.39","XS1161418501",""
"Green","7","USD","91040000","0","2015-01-12","2022-01-12","91040000","XS1128441711","http://pubdocs.worldbank.org/en/320611544553128828/ft-2014-XS1128441711.pdf"
"Green","20","USD","20000000","0","2014-11-28","2034-11-28","20000000","US45905UQU15",""
"Green","5","SEK","2000000000","0.014","2014-10-30","2019-06-23","278357689.63","XS1078475024",""
"Green","6","USD","22753000","0","2014-10-27","2021-03-01","22750000","XS1128972244","https://thedocs.worldbank.org/en/doc/5ffce2503ab3b29730fc240b37adb604-0340022021/original/ft-2014-XS1128972244.pdf"
"Green","2","USD","50000000","0","2014-10-20","2016-10-20","50000000","US45905UQN71",""
"Green","10","USD","1123000","0","2014-10-15","2024-10-15","1120000","US45905UQM98",""
"Green","4","PLN","25000000","0.033","2014-10-14","2019-01-31","7467144.56","XS0739611571",""
"Green","12","EUR","10000000","0","2014-10-07","2026-10-07","12876641.77","XS1115487065",""
"Green","10","USD","30000000","2.25","2014-09-30","2024-09-30","30000000","US45905U7B48",""
"Green","10","USD","5000000","2.25","2014-09-26","2024-09-26","5000000","US45905UQH04","http://pubdocs.worldbank.org/en/194391550243907484/ft-2014-US45905UQH04.pdf"
"Green","2","USD","250000000","0.007","2014-09-23","2016-09-23","250000000","US45905UQE72","http://pubdocs.worldbank.org/en/845181550243900369/ft-2014-US45905UQE72.pdf"
"Green","10","USD","12060000","2.32","2014-08-27","2024-08-27","12060000","US45905UPY46",""
"Green","10","EUR","50000000","0","2014-08-07","2024-08-07","67350000","XS1092466033",""
"Green","3","BRL","35000000","0.095","2014-08-04","2017-03-02","15704926.86","XS0490455069",""
"Green","5","SEK","1500000000","0.014","2014-06-23","2019-06-23","224550898.2","XS1078475024","http://pubdocs.worldbank.org/en/957701544553127388/ft-2014-XS1078475024.pdf"
"Green","5","AUD","24200000","0.03","2014-06-02","2019-06-03","22617320","XS1070709586","https://thedocs.worldbank.org/en/doc/7c83851d02013843a5df4f04f84763c3-0340022021/original/ft-2014-XS1070709586.pdf"
"Green","3","BRL","100000000","0.095","2014-05-30","2017-03-02","45116174.15","XS0490455069",""
"Green","4","BRL","465500000","0.093","2014-05-21","2018-05-21","210347943.97","XS1066979490",""
"Green","4","TRY","335500000","0.083","2014-05-21","2018-05-21","161313587.84","XS1066978419",""
"Green","3","BRL","125000000","0.095","2014-05-13","2017-03-02","55803571.43","XS0490455069",""
"Green","5","AUD","300000000","0.035","2014-04-29","2019-04-29","281010000","AU3CB0220424","http://pubdocs.worldbank.org/en/281711544553121638/ft-2014-AU3CB0220424.pdf"
"Green","3","BRL","35000000","0.095","2014-03-25","2017-03-02","14871468.03","XS0490455069",""
"Green","3","EUR","550000000","0.003","2014-03-20","2017-03-20","765889100","XS1047440448","http://pubdocs.worldbank.org/en/635161544553124627/ft-2014-XS1047440448.pdf"
"Green","3","BRL","30000000","0.095","2014-01-29","2017-03-02","12697875.22","XS0490455069",""
"Green","1","USD","550000000","0","2014-01-22","2015-07-22","550000000","US45905UNQ30","http://pubdocs.worldbank.org/en/853291544553123193/ft-2014-US45905UNQ30.pdf"
"Green","3","BRL","50000000","0.095","2013-12-18","2017-03-02","21440823.33","XS0490455069",""
"Green","3.5","BRL","40000000","9.5","2013-09-05","2017-03-02","16902598.77","XS0490455069",""
"Green","2","USD","550000000","0.004","2013-08-22","2015-08-24","550000000","US45905UNJ96","http://pubdocs.worldbank.org/en/829311544553115646/ft-2013-US45905UNJ96.pdf"
"Green","10","RUB","529200000","0.068","2013-06-20","2013-06-20","16347208.28","XS0945575347","http://pubdocs.worldbank.org/en/350581550243893737/ft-2013-XS0945575347.pdf"
"Green","10","ZAR","150000000","0.07","2013-06-14","2023-06-07","15113350.13","XS0941866252","http://pubdocs.worldbank.org/en/262281544553120027/ft-2013-XS0941866252.pdf"
"Green","10","ZAR","150000000","0.07","2013-06-07","2023-06-07","14925373.13","XS0941866252","http://pubdocs.worldbank.org/en/262281544553120027/ft-2013-XS0941866252.pdf"
"Green","6","MXN","50000000","0.005","2013-02-27","2019-02-28","3377582.28","XS0887320900",""
"Green","5","ZAR","83000000","0.005","2013-01-30","2018-01-31","8023269.28","XS0873237068",""
"Green","7","MYR","6500000","0.025","2013-01-09","2019-12-10","2120371.88","XS0862778833","https://thedocs.worldbank.org/en/doc/e9538332a280910ac16fba147e25d48b-0340022021/original/ft-2012-XS0862778833.pdf"
"Green","7","MYR","16500000","0.025","2012-12-10","2019-12-10","5426560.55","XS0862778833",""
"Green","7","RUB","250000000","0.065","2012-11-30","2019-07-26","7988496.56","XS0809448375",""
"Green","5","AUD","94500000","0.029","2012-10-23","2017-10-24","97750800","XS0840338981","http://pubdocs.worldbank.org/en/819661550243877173/ft-2012-XS0840338981.pdf"
"Green","10","AUD","42200000","0.005","2012-10-23","2022-10-24","31980594.8","XS0840332869","https://thedocs.worldbank.org/en/doc/aa8df3a8b59002bc981f56298f9ba663-0340022021/original/ft-2012-XS0840332869.pdf"
"Green","5","USD","10000000","0.005","2012-10-12","2017-10-12","10000000","XS0831238182",""
"Green","7","COP","10000000000","0.08","2012-09-11","2020-03-02","5488474.2","XS0490636791",""
"Green","7","RUB","500000000","0.065","2012-07-26","2019-07-26","15479876.16","XS0809448375","http://pubdocs.worldbank.org/en/206351541195893322/ft-2012-XS0809448375.pdf"
"Green","5","USD","10000000","0.006","2012-07-12","2017-07-12","10000000","US45905ULE28","https://thedocs.worldbank.org/en/doc/ff5689b8bc98d6ed8986fbcac7d0a7d7-0340022021/original/ft-2012-US45905ULE28.pdf"
"Green","10","USD","5000000","0.015","2012-07-12","2022-07-12","5000000","US45905ULF92","https://thedocs.worldbank.org/en/doc/0d2f8bb1965e98e7abb0336e54bec274-0340022021/original/ft-2012-US45905ULF92.pdf"
"Green","6","SEK","175000000","0.033","2012-04-03","2017-12-15","26119402.96","XS0485770241",""
"Green","6","SEK","250000000","0.033","2012-03-06","2017-12-15","37821483","XS0485770241",""
"Green","3","USD","50000000","0","2012-03-01","2015-06-20","50000000","US45905UKM52","http://pubdocs.worldbank.org/en/775981550243856822/ft-2012-US45905UKM52.pdf"
"Green","5","USD","10000000","0.008","2012-02-06","2017-02-06","10000000","XS0739956042",""
"Green","2","USD","110000000","0.005","2012-01-04","2013-12-16","110000000","US45905UKC70","http://pubdocs.worldbank.org/en/351271544553091198/ft-2011-US45905UKC70.pdf"
"Green","3","SEK","200000000","0.035","2011-12-20","2014-11-12","29197080.29","XS0398811959","http://pubdocs.worldbank.org/en/294361544553044007/ft-2008-XS0398811959-t5.pdf"
"Green","3","SEK","300000000","0.035","2011-12-07","2014-11-12","43352601.16","XS0398811959",""
"Green","5","AUD","13000000","0.041","2011-11-28","2016-11-28","13292500","XS0698530564",""
"Green","10","AUD","10000000","0.045","2011-10-05","2021-10-06","9765000","XS0684954232",""
"Green","5","AUD","25000000","0.06","2011-08-31","2017-02-15","26150000","XS0490342028",""
"Green","10","USD","7690000","0","2011-08-11","2021-08-11","7690000","US45905UJC99",""
"Green","10","CAD","10000000","0.03","2011-08-08","2021-08-09","10571000","XS0654310415","http://pubdocs.worldbank.org/en/975781544553104207/ft-2011-XS0654310415.pdf"
"Green","6","TRY","25000000","0.1","2011-08-03","2017-03-02","14771048.74","XS0490456034",""
"Green","6","SEK","150000000","0.033","2011-07-29","2017-12-15","23771790.81","XS0485770241",""
"Green","5","EUR","20000000","0.023","2011-07-13","2016-07-13","28980000","XS0647664142","http://pubdocs.worldbank.org/en/245391544553102725/ft-2011-XS0647664142.pdf"
"Green","5","ZAR","100000000","8.75","2011-07-13","2017-03-01","14781966","XS0490350393",""
"Green","6","HUF","1250000000","0.055","2011-06-28","2017-05-19","6738908","XS0490633939",""
"Green","5","USD","10000000","0.017","2011-06-13","2016-06-14","10000000","XS0633090799","http://pubdocs.worldbank.org/en/773271550243848076/ft-2011-XS0633090799.pdf"
"Green","6","HUF","1000000000","0.055","2011-05-31","2017-05-19","5189414","XS0490633939",""
"Green","7","SEK","300000000","0.033","2011-05-24","2017-12-15","47169811.32","XS0485770241",""
"Green","10","USD","2140000","0","2011-05-24","2021-05-24","2140000","US45905UHT43",""
"Green","9","MXN","150000000","0.075","2011-04-14","2020-03-05","12729664.36","XS0490347415",""
"Green","6","ZAR","100000000","0.088","2011-04-14","2017-03-01","14903129.66","XS0490350393",""
"Green","9","MXN","250000000","0.075","2011-04-06","2020-03-05","20981955.52","XS0490347415",""
"Green","5","USD","10000000","0.022","2011-03-17","2016-03-17","10000000","XS0605503100",""
"Green","9","COP","17500000000","0.08","2011-03-02","2020-03-02","9238241.04","XS0490636791",""
"Green","9","MXN","150000000","0.075","2011-03-02","2020-03-05","12489592.01","XS0490347415",""
"Green","5","USD","20000000","0.023","2011-02-25","2016-02-25","20000000","XS0595272310","http://pubdocs.worldbank.org/en/957711550243838840/ft-2011-XS0595272310.pdf"
"Green","6","AUD","50000000","0.06","2011-02-22","2017-02-15","50115000","XS0490342028",""
"Green","5","USD","10000000","0.023","2011-02-18","2016-02-18","10000000","XS0592318397","http://pubdocs.worldbank.org/en/806371550243827343/ft-2011-XS0592318397.pdf"
"Green","6","ZAR","100000000","0.088","2011-02-18","2017-03-01","13715539.71","XS0490350393",""
"Green","5","USD","30000000","0.02","2011-02-17","2016-02-17","30000000","XS0587411249","https://thedocs.worldbank.org/en/doc/cd18b85d5aa4084b17a0adec649b469e-0340022021/original/ft-2011-XS0587411249.pdf"
"Green","9","MXN","150000000","0.075","2011-02-08","2020-03-05","12422360.25","XS0490347415",""
"Green","6","ZAR","100000000","0.088","2011-02-08","2017-03-01","14011489.42","XS0490350393",""
"Green","6","ZAR","100000000","0.088","2011-02-01","2017-03-01","14222727.92","XS0490350393",""
"Green","6","BRL","25000000","0.095","2011-01-31","2017-03-02","14970059.88","XS0490455069","http://pubdocs.worldbank.org/en/438111544553061955/ft-2010-XS0490455069-t5.pdf"
"Green","5","USD","30000000","0.021","2011-01-25","2016-04-25","30000000","XS0577437436","https://thedocs.worldbank.org/en/doc/cd009b2ab8c211ad97471fc7999b3547-0340022021/original/ft-2011-XS0577437436.pdf"
"Green","5","USD","10000000","0.02","2011-01-20","2016-01-21","10000000","XS0580161361",""
"Green","5","USD","10000000","0","2011-01-20","2016-01-21","10000000","XS0579623991",""
"Green","6","RUB","350000000","0.075","2011-01-19","2017-03-02","11527567.35","XS0490457438","http://pubdocs.worldbank.org/en/656371544553068054/ft-2010-XS0490457438-t5.pdf"
"Green","10","USD","5000000","0.033","2011-01-18","2021-01-19","5000000","XS0578137688",""
"Green","5","USD","10000000","0.021","2010-12-21","2015-12-22","10000000","XS0571376739",""
"Green","6","BRL","30000000","9.5","2010-12-20","2017-03-02","17584994.14","XS0490455069",""
"Green","6","AUD","30000000","0.06","2010-12-16","2017-02-15","29580000","XS0490342028",""
"Green","6","HUF","1000000000","0.055","2010-12-10","2017-05-19","4756468.8","XS0490633939",""
"Green","9","COP","55000000000","0.08","2010-12-06","2020-03-02","29108229.69","XS0490636791",""
"Green","6","RUB","500000000","7.5","2010-12-06","2017-03-02","15992323.68","XS0490457438",""
"Green","6","ZAR","100000000","0.088","2010-12-06","2017-03-01","14029180.7","XS0490350393",""
"Green","5","USD","10000000","0.015","2010-11-30","2015-11-30","10000000","XS0563580058",""
"Green","6","BRL","20000000","0.095","2010-11-26","2017-03-02","11574074.07","XS0490455069",""
"Green","6.5","HUF","1000000000","5.5","2010-11-22","2017-05-19","4926108.37","XS0490633939",""
"Green","6.5","RUB","500000000","7.5","2010-11-22","2017-03-02","16286644.95","XS0490457438",""
"Green","5","AUD","30000000","0.054","2010-11-16","2015-11-16","29800000","XS0554299015","https://thedocs.worldbank.org/en/doc/3c918ea607072a3572e6233f73bb880d-0340022021/original/ft-2010-XS0554299015.pdf"
"Green","5","MYR","12000000","0.014","2010-11-09","2015-11-09","3858520.9","XS0556058153","http://pubdocs.worldbank.org/en/692741541195246938/ft-2010-XS0556058153.pdf"
"Green","10","SEK","100000000","0.035","2010-11-02","2020-11-02","15082956.26","XS0554265032","http://pubdocs.worldbank.org/en/982491541195227392/ft-2010-XS0554265032.pdf"
"Green","5","USD","50000000","0.014","2010-09-01","2015-09-01","50000000","XS0533647052","https://thedocs.worldbank.org/en/doc/9b10623f95ffbb7ddc9ad40570e02a97-0340022021/original/ft-2010-XS0533647052.pdf"
"Green","5","USD","10000000","0","2010-07-16","2015-07-16","10000000","XS0521422021",""
"Green","7","AUD","25000000","0.06","2010-07-01","2017-02-15","21945000","XS0490342028",""
"Green","7","HUF","400000000","0.055","2010-07-01","2017-05-19","1758241.76","XS0490633939",""
"Green","7","HUF","800000000","0.055","2010-06-16","2017-05-19","3352892","XS0490633939",""
"Green","5","MXN","40000000","","2010-06-08","2015-06-08","3279000","",""
"Green","5","ZAR","25000000","","2010-06-08","2015-06-08","3392000","",""
"Green","7","ZAR","150000000","0.088","2010-04-12","2017-03-01","20505809.98","XS0490350393",""
"Green","8","SEK","100000000","0.033","2010-04-06","2017-12-15","13850415.51","XS0485770241",""
"Green","10","MXN","200000000","7.5","2010-03-23","2020-03-05","15971889.47","XS0490347415",""
"Green","7","BRL","20000000","0.095","2010-03-18","2017-03-02","11235955.06","XS0490455069",""
"Green","7","HUF","1000000000","0.055","2010-03-10","2017-05-19","5053057.1","XS0490633939","https://thedocs.worldbank.org/en/doc/c83d569abbaa95b28ed2f4db38daca8f-0340022021/original/ft-2010-XS0490633939-t2.pdf"
"Green","10","JPY","125000000","0.009","2010-03-09","2020-03-09","1398992.73","XS0491921937","http://pubdocs.worldbank.org/en/617081544553075401/ft-2010-XS0491921937.pdf"
"Green","7","AUD","150000000","0.06","2010-03-05","2017-02-15","133950000","XS0490342028","http://pubdocs.worldbank.org/en/723571550243808307/ft-2010-XS0490342028.pdf"
"Green","7","EUR","2000000","0.025","2010-03-05","2017-05-19","2700000","XS0492037725","http://pubdocs.worldbank.org/en/795981544553076877/ft-2010-XS0492037725.pdf"
"Green","10","MXN","200000000","0.075","2010-03-05","2020-03-05","15479876.16","XS0490347415","http://pubdocs.worldbank.org/en/961381544553054050/ft-2010-XS0490347415.pdf"
"Green","7","ZAR","100000000","0.088","2010-03-05","2017-03-01","12975217.33","XS0490350393","http://pubdocs.worldbank.org/en/537731544553057068/ft-2010-XS0490350393.pdf"
"Green","7","NZD","50000000","0.056","2010-03-03","2017-03-03","34825000","XS0490413571","http://pubdocs.worldbank.org/en/650521544553058785/ft-2010-XS0490413571.pdf"
"Green","7","BRL","40000000","0.095","2010-03-02","2017-03-02","21857923.5","XS0490455069","http://pubdocs.worldbank.org/en/989691544553060387/ft-2010-XS0490455069.pdf"
"Green","10","COP","25000000000","0.08","2010-03-02","2020-03-02","12913223.14","XS0490636791","http://pubdocs.worldbank.org/en/958931544553074001/ft-2010-XS0490636791.pdf"
"Green","7","HUF","1500000000","0.055","2010-03-02","2017-05-19","7451565","XS0490633939","http://pubdocs.worldbank.org/en/696561544553070953/ft-2010-XS0490633939.pdf"
"Green","7","NOK","400000000","0.038","2010-03-02","2017-05-19","66666666.67","XS0490567616","http://pubdocs.worldbank.org/en/153231544553069464/ft-2010-XS0490567616.pdf"
"Green","7","RUB","750000000","0.075","2010-03-02","2017-03-02","24916943.52","XS0490457438","https://thedocs.worldbank.org/en/doc/587d60137fd799c7af259e4fc0abac3e-0340022021/original/ft-2010-XS0490457438.pdf"
"Green","7","TRY","50000000","0.1","2010-03-02","2017-03-02","32765399.74","XS0490456034","http://pubdocs.worldbank.org/en/480011544553065037/ft-2010-XS0490456034.pdf"
"Green","8","SEK","100000000","0.033","2010-02-26","2017-12-15","13755158.18","XS0485770241","http://pubdocs.worldbank.org/en/657661544553052566/ft-2010-XS0485770241-t2.pdf"
"Green","8","SEK","500000000","0.033","2010-02-22","2017-12-15","68743239","XS0485770241","http://pubdocs.worldbank.org/en/771751544553051203/ft-2010-XS0485770241.pdf"
"Green","5","NZD","150000000","0.052","2010-02-02","2015-01-29","110700000","XS0479886672",""
"Green","4","USD","50000000","","2009-12-22","2013-12-04","50000000","US45905UGT51","http://pubdocs.worldbank.org/en/474981544553048183/ft-2009-US45905UGT51-t2.pdf"
"Green","4","USD","130000000","0.02","2009-12-04","2013-12-04","130000000","US45905UGT51","http://pubdocs.worldbank.org/en/126321544553046769/ft-2009-US45905UGT51.pdf"
"Green","3","USD","300000000","0","2009-04-24","2012-04-24","300000000","US45905UGD00","http://pubdocs.worldbank.org/en/679801544553045378/ft-2009-US45905UGD00.pdf"
"Green","6","SEK","150000000","0.035","2009-02-13","2014-11-12","18382352.94","XS0398811959","http://pubdocs.worldbank.org/en/384091544553042556/ft-2008-XS0398811959-t3.pdf"
"Green","6","SEK","375000000","0.035","2008-11-24","2014-11-12","47000000","XS0398811959",""
"Green","6.98","BRL","175000000","0.1075","2024-10-18","2031-10-09","31291908.81","XS2913418377","https://thedocs.worldbank.org/en/doc/d7ee96d0447155cd23264adb4a21a5f2-0340022024/original/ft-XS2913418377.pdf"
"Green","7","BRL","200000000","0.1075","2024-10-09","2031-10-09","36893562.07","XS2913418377","https://thedocs.worldbank.org/en/doc/d7ee96d0447155cd23264adb4a21a5f2-0340022024/original/ft-XS2913418377.pdf"
"Green","6","CNH","300000000","0.025","2024-08-08","2031-01-13","41352502.52","XS2707161308","https://thedocs.worldbank.org/en/doc/ff7c1e53789047f0f0d03fdd55450f9a-0340022024/original/ft-XS2707161308.pdf"
"Green","10","CNH","400000000","0.0275","2024-08-06","2034-07-26","54474590.28","XS2868924189","https://thedocs.worldbank.org/en/doc/e38efa5583d9aad0daf19f10ce76ba97-0340022024/original/ft-XS2868924189.pdf"
"Green","10"," CNH ","350000000","0.0275","2024-07-26","2034-07-26","48070320.01","XS2868924189","https://thedocs.worldbank.org/en/doc/e8fffb0b43946defa85479776c20d962-0340022024/original/ft-XS2868924189.pdf"
"Green","7","CNH","250000000","0.025","2024-06-26","2031-01-13","34359538.21","XS2707161308","https://thedocs.worldbank.org/en/doc/d414b084e3cae453509e1c942ab53cdf-0340022024/original/ft2024-XS2707161308.pdf"
"Green","5","CNH","400000000","0.023","2024-05-07","2029-01-19","55053195.15","XS2437747210","https://thedocs.worldbank.org/en/doc/2dfa3da00d9315a88f620e718705838e-0340022024/original/ft2024-XS2437747210.pdf"
"Green","7","CNH","400000000","0.025","2024-05-07","2031-01-13","55053195.15","XS2707161308","https://thedocs.worldbank.org/en/doc/d414b084e3cae453509e1c942ab53cdf-0340022024/original/ft2024-XS2707161308.pdf"
"Green","8","EUR","150000000","0.036","2024-04-25","2039-04-25","159491250","XS2809161537","https://thedocs.worldbank.org/en/doc/bd8b911fc92bb25591cebc28bb0d29bc-0340022024/original/ft2024-XS2809161537.pdf"
"Green","5","BRL","275000000","0.095","2024-04-15","2029-02-09","54552668.12","XS2439224705","https://thedocs.worldbank.org/en/doc/4386351df81e2ea564b30e712ac2daec-0340022024/original/ft2024-XS2439224705.pdf"
"Green","3","USD","25000000","0.048","2024-04-10","2029-03-27","25000000","US45906M5F41",""
"Green","5","USD","150000000","0.044","2024-04-09","2029-04-02","150000000","US45906M5E75",""
"Green","7","CNH","100000000","0.025","2024-04-03","2031-01-13","13793674.22","XS2707161308","https://thedocs.worldbank.org/en/doc/97173251ad8f92ce9c194a4e0723a835-0340022024/original/ft2024-XS2707161308.pdf"
"Green","3","USD","30000000","0.046","2024-02-16","2029-02-16","30000000","US45906M4W82",""
"Green","5","BRL","200000000","0.095","2024-02-01","2029-02-09","40650406.5","XS2439224705","https://thedocs.worldbank.org/en/doc/3ae206b493a0e9856f5afa1e2f3296f8-0340022024/original/ft-XS2439224705.pdf"
"Green","5"," CNH ","200000000","0.0225","2024-01-30","2029-01-19","27892057.74","XS2437747210","https://thedocs.worldbank.org/en/doc/b294653de3574d60765a1e7f5ef4323d-0340022024/original/ft-2024-XS2437747210.pdf"
"Green","7"," INR ","4500000000","0.07","2024-01-25","2031-01-25","54171180.93","XS2749786195","https://thedocs.worldbank.org/en/doc/e3f34944f101a87c14fe5060c411643e-0340022024/original/ft-2024-XS2749786195.pdf"
"Green","7"," CNH ","150000000","0.025","2024-01-16","2031-01-13","20939484.89","XS2707161308","https://thedocs.worldbank.org/en/doc/98e6b0f46670b0a94cfdfb779f11ea0c-0340022024/original/ft-2024-XS2707161308.pdf"
"Green","5"," BRL ","125000000","0.095","2024-01-11","2029-02-09","25354969.57","XS2439224705","https://thedocs.worldbank.org/en/doc/216a48f3bb9eb0ab71c9598e9fdec7a7-0340022024/original/ft-2024-XS2439224705.pdf"
"Green","5","SEK","2500000000","0.0275","2023-12-18","2028-12-18","239005736.14","XS2735317930",""
"Green","5","CNH","150000000","0.0225","2023-12-06","2029-01-19","21008697.6","XS2437747210","https://thedocs.worldbank.org/en/doc/828d5619ebd63f30b46eb320c2540d5b-0340022023/original/ft-2023-XS2437747210.pdf"
"Green","13","AUD","30000000","0.0178","2023-10-25","2036-09-30","19065000","XS2390290786",""
"Green","8","CNH","500000000","0.025","2023-10-20","2031-01-13","68424725.96","XS2707161308","https://thedocs.worldbank.org/en/doc/d2982afca3fab08df611efe8cc0f4da2-0340022023/original/ft-2023-XS2707161308.pdf"
"Green","5","KZT","5000000000","0.1275","2023-10-10","2028-09-13","10474275.18","XS2681932518","https://thedocs.worldbank.org/en/doc/31c2c48eae62d9ea670f1e98137714e1-0340022023/original/ft-2023-XS2681932518-v2.pdf"
"Green","15","EUR","25000000","0.04","2023-10-06","2038-09-19","26522500","XS2690981555","https://thedocs.worldbank.org/en/doc/d43f9f7547c5f517c3fcad59b3e07ecf-0340022023/original/ft-2023-XS2690981555-t2.pdf"
"Green","6","IDR","800000000000","0.0625","2023-10-04","2029-01-19","51513200.26","XS2576077809","https://thedocs.worldbank.org/en/doc/d826bc4bb5454f0581910b6261b257c6-0340022023/original/ft-2023-XS2576077809-t2.pdf"
"Green","6","CNH","178000000","0.0225","2023-08-22","2029-01-19","24336222.69","XS2437747210","https://thedocs.worldbank.org/en/doc/bb7d7d02f27b03f680dbc7f1114406c5-0340022023/original/ft-2023-XS2437747210-t8.pdf"
"Green","6","BRL","100000000","0.095","2023-08-08","2029-02-09","20962602.72","XS2439224705","https://thedocs.worldbank.org/en/doc/007e4577fa2b9cd11b0f3b306686b121-0340022023/original/ft-2023-XS2439224705-t3.pdf"
"Green","6","CNH","72000000","0.0225","2023-08-02","2029-01-19","10013908.21","XS2437747210","https://thedocs.worldbank.org/en/doc/2ccbb4b66ae33a94049ad15adb4548d9-0340022023/original/ft-2023-XS2437747210-t7.pdf"
"Green","6","INR","2000000000","0.063","2023-07-27","2029-02-02","24372410.43","XS2581211716","https://thedocs.worldbank.org/en/doc/1b053615bdcc86142a687fee07950dfc-0340022023/original/ft-2023-XS2581211716-t2.pdf"
"Green","15","EUR","90000000","0.039","2023-07-19","2038-07-19","99198000","XS2653488747","https://thedocs.worldbank.org/en/doc/c957cf41ccbd0ea3b6ab9ef4344eea61-0340022023/original/ft-2023-XS2653488747.pdf"
"Green","6","INR","850000000","0.061","2023-07-13","2029-02-09","10271903","XS2439527271","https://thedocs.worldbank.org/en/doc/496135f0fb7b19cf0261ac7b7eea773b-0340022023/original/ft-2023-XS2439527271-t3.pdf"
"Green","5","BRL","100000000","0.058","2023-06-16","2028-01-14","18158331.63","XS2285181074","https://thedocs.worldbank.org/en/doc/8a06781ff19b5565df1d95411cf320e1-0340022023/original/ft-2023-XS2285181074-t5.pdf"
"Green","6","CNH","100000000","0.023","2023-06-09","2029-01-19","14144271.57","XS2437747210","https://thedocs.worldbank.org/en/doc/b01bff41636413818abff2804550002f-0340022023/original/ft-2023-XS2437747210-t6.pdf"
"Green","5","UYU","390000000","0.096","2023-05-25","2028-05-25","10000000","XS2628482486","https://thedocs.worldbank.org/en/doc/d5036300610c1221e8fdab83e154cb44-0340022023/original/ft-2023-XS2628482486.pdf"
"Green","6","INR","2000000000","0.061","2023-05-16","2029-02-09","24360535.93","XS2439527271","https://thedocs.worldbank.org/en/doc/d11d0429634c806ada9970321b2f116c-0340022023/original/ft-2023-XS2439527271-t2.pdf"
"Green","6","BRL","105000000","0.095","2023-05-16","2029-02-09","20877241.82","XS2439224705","https://thedocs.worldbank.org/en/doc/8e8d9c96aecc0b15162b3e917595df72-0340022023/original/ft-2023-XS2439224705-t2.pdf"
"Green","6","CNH","100000000","0.023","2023-05-05","2029-01-19","14429597.99","XS2437747210","https://thedocs.worldbank.org/en/doc/5e25a7dd0a3430c8e56f8ae2c8940030-0340022023/original/ft-2023-XS2437747210-t5.pdf"
"Green","10","EUR","10000000","0.035","2023-04-21","2033-04-21","11058500","XS2614692197","https://thedocs.worldbank.org/en/doc/8585b6dae2e86808e1eb57602aaefa8f-0340022023/original/ft-2023-XS2614692197.pdf"
"Green","10","INR","850000000","0.063","2023-02-28","2033-02-28","10275628.63","XS2589830095","https://thedocs.worldbank.org/en/doc/8d5f9d20448509635465640eb6a09e7d-0340022023/original/ft-2023-XS2589830095.pdf"
"Green","6","IDR","600000000000","0.054","2023-02-14","2029-02-09","100000000","XS2439526547","https://thedocs.worldbank.org/en/doc/444e790490e8cf560be291e5f0c309ff-0340022023/original/ft-2023-XS2439526547.pdf"
"Green","6","ZAR","250000000","0.068","2023-02-10","2029-02-09","5000000000","XS2439224374","https://thedocs.worldbank.org/en/doc/45ca376c9935109e69f6109890f9f29b-0340022023/original/ft-2023-XS2439224374.pdf"
"Green","6","INR","2500000000","0.063","2023-02-02","2029-02-02","50000000","XS2581211716","https://thedocs.worldbank.org/en/doc/342705247bc9761d3505e1e082a9d3a4-0340022023/original/ft-2023-XS2581211716.pdf"
"Green","6","IDR","300000000000","0.054","2023-01-30","2029-02-09","30731407.5","XS2439526547","https://thedocs.worldbank.org/en/doc/0e9ae9896fb187271b4a684decd07f43-0340022023/original/ft-2023-XS2439526547-t2.pdf"
"Green","5","BRL","150000000","0.058","2023-01-23","2028-01-14","23850293.54","XS2285181074","https://thedocs.worldbank.org/en/doc/6630566e749327b8199d27ae60bd8570-0340022023/original/ft-2023-XS2285181074.pdf"
"Green","6","IDR","800000000000","0.063","2023-01-19","2029-01-19","51183621.24","XS2576077809","https://thedocs.worldbank.org/en/doc/81b1afd2601259a5e857d209942e36e3-0340022023/original/ft-2023-XS2576077809.pdf"
"Green","7","COP","110000000000","0","2023-01-19","2030-01-19","10316004.08","XS2576257294","https://thedocs.worldbank.org/en/doc/bca56db2cb2a8a7ec6d34cc666860cc2-0340022023/original/ft-2023-XS2576257294.pdf"
"Green","5","PEN","50000000","0.06","2023-01-19","2028-01-19","13157894.74","XS2576297597","https://thedocs.worldbank.org/en/doc/e52ed6e708533cb06afd92d811da6dca-0340022023/original/ft-2023-XS2576297597.pdf"
"Green","6","CNH","100000000","0.023","2023-01-19","2029-01-19","14717786.44","XS2437747210","https://thedocs.worldbank.org/en/doc/a6b4a1d7362145fc68c15c62b5df28ad-0340022023/original/ft-2023-XS2437747210-t4.pdf"
"Green","12","EUR","50000000","0.029","2022-12-15","2034-12-15","52187500","XS2564580806","https://thedocs.worldbank.org/en/doc/6242b3475cc09eb33ffc1f999ac304d0-0340022022/original/ft-2022-XS2564580806.pdf"
"Green","6","ZAR","300000000","0.068","2022-10-06","2029-02-09","14451869.49","XS2439224374","https://thedocs.worldbank.org/en/doc/6ef1270777d7f460ebef3a917d537e0d-0340022022/original/ft-2022-XS2439224374.pdf"
"Green","15","EUR","10000000","0.041","2022-10-05","2037-10-05","9574000","XS2542162834",""
"Green","7","CNH","225000000","0.023","2022-09-02","2029-01-19","32798833.82","XS2437747210","https://thedocs.worldbank.org/en/doc/dddf4f59287b70d3af805c69e84e7cfc-0340022022/original/ft-2022-XS2437747210-t3.pdf"
"Green","5","PLN","11600000","0.057","2022-08-02","2027-08-02","2481442.66","XS2512017570","https://thedocs.worldbank.org/en/doc/bd5bac9b5109b233fe0198c18b4f7fd0-0340022022/original/ft-2022-XS2512017570.pdf"
"Green","7","CNH","225000000","0.023","2022-04-28","2029-01-19","34886425.3","XS2437747210","https://thedocs.worldbank.org/en/doc/9bb5853e4eb0e9ef5fa486d2fb6798de-0340022022/original/ft-2022-XS2437747210.pdf"
"Green","5","PHP","2750000000","0.048","2022-04-22","2027-04-22","52783109.41","XS2471066188","https://thedocs.worldbank.org/en/doc/d0ea343af333bb53f11d3344467718e4-0340022022/original/ft-2022-XS2471066188.pdf"
"Green","5","MXN","500000000","0.073","2022-04-12","2027-01-21","25125628.14","XS2431032585","https://thedocs.worldbank.org/en/doc/e9764ba9788acca1e4645a6b024c59a5-0340022022/original/ft-2022-XS2431032585.pdf"
"Green","5","MXN","1100000000","0.068","2022-02-11","2027-06-17","53011537.24","XS2444203462","https://thedocs.worldbank.org/en/doc/f6b46d8efe017a31d9b3c7c7f223a0be-0340022022/original/ft-2022-XS2444203462.pdf"
"Green","7","SEK","4000000000","0.009","2022-02-10","2028-08-10","434584211.6","XS2443432526","https://thedocs.worldbank.org/en/doc/2ee8d467bec83dff48a9be50c40518d6-0340022022/original/ft-2022-XS2443432526.pdf"
"Green","7","CNY","150000000","0.023","2022-01-28","2029-01-19","23656694.06","XS2437747210","https://thedocs.worldbank.org/en/doc/cec7e850aa53e42db0b0e43d8dcae101-0340022022/original/ft-2022-XS2437747210.pdf"
"Green","5","ZAR","350000000","0.065","2022-01-21","2027-01-21","22335673.26","XS2431025613","https://thedocs.worldbank.org/en/doc/cb0ea8faf299c558a3db0ecf139d38f0-0340022022/original/ft-2022-XS2431025613.pdf"
"Green","5","RUB","2000000000","0.068","2022-01-21","2027-01-21","26136957.66","XS2431024996","https://thedocs.worldbank.org/en/doc/c48efc5697856c75b2d0eea4775b08cb-0340022022/original/ft-2022-XS2431024996.pdf"
"Green","5","MXN","500000000","0.073","2022-01-21","2027-01-21","24425989.25","XS2431032585","https://thedocs.worldbank.org/en/doc/0e9c989e61144ae4ebefe5644c50fa25-0340022022/original/ft-2022-XS2431032585.pdf"
"Green","5","INR","2000000000","0.055","2022-01-21","2027-01-21","26881720.43","XS2431029953","https://thedocs.worldbank.org/en/doc/667ece3e20e234ebda2b0e786b87ee67-0340022022/original/ft-2022-XS2431029953.pdf"
"Green","5","IDR","400000000000","0.048","2022-01-21","2027-01-21","27799013.14","XS2431024210","https://thedocs.worldbank.org/en/doc/26e24e46c95467b6be66dc3bb4118441-0340022022/original/ft-2022-XS2431024210.pdf"
"Green","5","BRL","150000000","0.098","2022-01-21","2027-01-21","26315789.47","XS2431032403","https://thedocs.worldbank.org/en/doc/71232a1608ef6b5b75abed3dfe031a54-0340022022/original/ft-2022-XS2431032403.pdf"
"Green","5","CLP","25000000000","0.048","2021-11-30","2026-11-30","29913251.57","XS2413639704","https://thedocs.worldbank.org/en/doc/851dc8055affa3fed66e7943f01864f6-0340022021/original/ft-2021-XS2413639704.pdf"
"Green","5","COP","150000000000","0.05","2021-10-07","2026-10-07","39015762.37","XS2393510008","https://thedocs.worldbank.org/en/doc/807f09ecf73eb2a5a6eb877f3166c9a7-0340022021/original/ft-2021-XS2393510008.pdf"
"Green","5","MXN","1500000000","0.063","2021-10-07","2026-10-07","73964497.04","XS2393511071","https://thedocs.worldbank.org/en/doc/de085d9d5ca5ec5f681dda55a4410e32-0340022021/original/ft-2021-XS2393511071.pdf"
"Green","5","RUB","3500000000","0.053","2021-10-07","2026-10-07","48129812.98","XS2393509414","https://thedocs.worldbank.org/en/doc/b8a5b5ca06dd8d8a227d80492141bf7b-0340022021/original/ft-2021-XS2393509414.pdf"
"Green","15","AUD","274000000","0.018","2021-09-30","2036-09-30","199746000","XS2390290786",""
"Green","15","NZD","241000000","0.024","2021-09-30","2036-09-30","170314700","XS2390291750",""
"Green","5","ZAR","500000000","0.045","2021-06-21","2026-01-22","36310820.62","XS2288097053","https://thedocs.worldbank.org/en/doc/69f69fbec23c676a6e890a61873d3948-0340022021/original/ft-2021-XS2288097053-t2.pdf"
"Green","5","BRL","150000000","0.05","2021-06-21","2026-01-22","29382957.88","XS2288097640","https://thedocs.worldbank.org/en/doc/ba71f94a330df3b7a3d0a7c814368d10-0340022021/original/ft-2021-XS2288097640-t3.pdf"
"Green","5","CNH","250000000","0.02","2021-06-18","2026-02-18","39123630.67","XS2298592853","https://thedocs.worldbank.org/en/doc/df3f02aa6ca53652afe5b800c18b55a9-0340022021/original/ft-2021-XS2298592853-t4.pdf"
"Green","6","BRL","100000000","0.05","2021-06-02","2026-01-22","18796992.48","XS2288097640","https://thedocs.worldbank.org/en/doc/323b16b91c948bb058e8d2a925fbbea1-0340022021/original/ft-2021-US459058JX27.pdf"
"Green","5","ZAR","370000000","0.053","2021-05-18","2026-02-05","26453135.05","XS2295730803","https://thedocs.worldbank.org/en/doc/ef784f92501911d518876c8a9cc7af99-0340022021/ft-2021-xs2295730803-t2"
"Green","10","RUB","4000000000","0","2021-05-06","2031-05-06","31272533.05","XS2339217775",""
"Green","7","BRL","100000000","0.058","2021-04-30","2028-01-14","18248175.18","XS2285181074","https://thedocs.worldbank.org/en/doc/f38645ae784891926c8387cab1752a5a-0340022021/original/ft-2021-XS2285181074-t2.pdf"
"Green","5","RUB","2000000000","0.043","2021-03-31","2026-01-22","26189665.56","XS2288097137",""
"Green","5","CNH","150000000","0.02","2021-03-23","2026-02-18","23076923.08","XS2298592853","https://thedocs.worldbank.org/en/doc/632e665942bd592c424d7a343e247c2b-0340022021/original/ft-2021-XS2298592853-t3.pdf"
"Green","5","MXN","500000000","0.043","2021-03-23","2026-01-22","24330900.24","XS2288098457","https://thedocs.worldbank.org/en/doc/b830b6d3ea1acec70168c3e43732fa69-0340022021/original/ft-2021-XS2288098457-t2.pdf"
"Green","5","CNH","100000000","0.02","2021-03-22","2026-02-18","15276504.74","XS2298592853","https://thedocs.worldbank.org/en/doc/afde81c84038832f752caecf79fd8b51-0340022021/original/ft-2021-XS2298592853-t2.pdf"
"Green","30","EUR","40000000","0.008","2021-03-11","2051-03-11","48140000","XS2314316162","https://thedocs.worldbank.org/en/doc/36fac8052a6eac42b28d12faab5292ce-0340022021/original/ft-2021-XS2314316162.pdf"
"Green","30","EUR","30000000","0.009","2021-02-23","2051-02-23","36316500","XS2302933929","http://pubdocs.worldbank.org/en/853071614660802497/ft-2021-XS2302933929.pdf"
"Green","5","CNH","200000000","0.02","2021-02-18","2026-02-18","30892801.98","XS2298592853","http://pubdocs.worldbank.org/en/135051614660800116/ft-2021-XS2298592853.pdf"
"Green","30","EUR","50000000","0.009","2021-02-16","2051-02-16","59940000","XS2299001375","http://pubdocs.worldbank.org/en/305621614660797684/ft-2021-XS2299001375.pdf"
"Green","5","IDR","550000000000","0.045","2021-02-16","2026-04-15","39159843.36","XS2298592770",""
"Green","5","INR","3000000000","0.049","2021-02-12","2026-02-12","41135335.25","XS2298593075",""
"Green","5.5","TRY","100000000","0.123","2021-02-10","2026-08-10","13966480.45","XS2297900990","http://pubdocs.worldbank.org/en/787701614661315140/f-2021-XS2297900990.pdf"
"Green","8","SEK","2000000000","0.25","2021-01-29","2029-01-29","241429261.23","XS2293578592",""
"Green","5","RUB","7500000000","0.043","2021-01-22","2026-01-22","101146325.02","XS2288097137",""
"Green","5","ZAR","250000000","0.045","2021-01-22","2026-01-22","16191709.84","XS2288097053",""
"Green ","2","HKD","100000000","0.003","2020-09-03","2022-09-03","12902726.35","XS2226667678",""
"Green ","10","AUD","15000000","0.01","2020-08-21","2030-08-21","10748835.54","XS2212482520","http://pubdocs.worldbank.org/en/418471604090499367/ft-2020-XS2212482520.pdf"
"Green ","5","RUB","2500000000","0.04","2020-06-16","2025-07-01","36363636.36","XS2189921294","http://pubdocs.worldbank.org/en/914121604084493140/ft-2020-XS2189921294.pdf"
"Green ","4","INR","220000000","0.042","2020-01-24","2023-12-18","3106414.46","XS1922288169","http://pubdocs.worldbank.org/en/761751604085120749/ft-2020-XS1922288169-t4.pdf"
"Green ","20","DKK","1000000000","0.002","2020-01-22","2039-11-15","149160227.92","XS2086462657","http://pubdocs.worldbank.org/en/590471604085148486/ft-2020-XS2086462657-t2.pdf"
"Green ","5","USD","5000000","1.7","2019-12-30","2024-12-15","5000000","US45905U4Z43",""
"Green ","5","USD","100000000","0.021","2019-12-17","2025-03-03","100000000","US45905URL07","http://pubdocs.worldbank.org/en/923391604344695190/ft-2019-US45905URL07-t2.pdf"
"Green ","30","EUR","50000000","0.01","2019-12-13","2049-12-13","55042500","XS2089365733","http://pubdocs.worldbank.org/en/658371604082433464/ft-2019-XS2089365733.pdf"
"Green ","5","MXN","40000000","0.042","2019-12-11","2024-12-11","2042900.92","XS2091504410","http://pubdocs.worldbank.org/en/965101604082513962/ft-2019-XS2091504410.pdf"
"Green ","20","DKK","3000000000","0.002","2019-12-04","2039-11-15","443865775","XS2086462657","http://pubdocs.worldbank.org/en/963241604082426274/ft-2019-XS2086462657.pdf"
"Green ","6","AUD","125000000","0.029","2019-12-03","2025-11-26","84825000","AU3CB0258739","http://pubdocs.worldbank.org/en/165341604001302286/ft-2019-AU3CB0258739-t3.pdf"
"Green ","5","INR","220000000","0.04","2019-11-27","2024-10-03","3067698.53","XS2057172699","http://pubdocs.worldbank.org/en/537161604082471506/ft-2019-XS2057172699-t2.pdf"
"Green ","6","USD","100000000","0.031","2019-11-12","2025-11-20","100000000","US45905U6L39","http://pubdocs.worldbank.org/en/200461604082440772/ft-2019-US45905U6L39-t2.pdf"
"Green ","5","INR","220000000","0.04","2019-10-03","2024-10-03","3098591.55","XS2057172699","http://pubdocs.worldbank.org/en/263411604082448017/ft-2019-XS2057172699.pdf"
"Green ","10","MXN","30000000","0.052","2019-09-12","2029-09-12","1543766","XS2043956676",""
"Green ","4","INR","140000000","0.042","2019-07-09","2023-12-18","2030000","XS1922288169",""
"Green ","10","MXN","1920000000","0.071","2019-06-26","2029-06-26","100600000","XS2017796694",""
"Green ","5","JPY","1000000000","0","2019-06-20","2024-06-21","9180000","XS2008827177",""
"Green ","5","USD","1884000","2.4","2019-04-30","2024-04-15","1884000","US45905U2W30",""
"Green ","5","GBP","27000000","0.011","2019-04-04","2024-04-04","35340000","XS1975868693",""
"Green ","7","AUD","200000000","0.029","2019-04-03","2025-11-26","142010000","AU3CB0258739",""
"Green ","5","INR","73000000","0.05","2018-09-26","2023-08-07","1015645.7","XS1863327331","https://thedocs.worldbank.org/en/doc/aba1578d46104aa79b37e97ab54676b1-0340022021/original/ft-2018-XS1863327331-v2.pdf"
"Green ","5","INR","80000000","0.05","2018-08-07","2023-08-07","1163247.2","XS1863327331",""
"Green ","5","ZAR","110000000","0.066","2018-07-24","2023-07-24","8104922","XS1856280786",""
"Green ","5","SEK","3000000000","0.004","2018-07-17","2023-07-17","344431687.72","XS1856338022",""
"Green ","2","HKD","1000000000","0.021","2018-04-23","2020-04-23","127388535","XS1811022505",""
"Green ","4","TRY","125000000","0.083","2018-04-03","2022-03-04","31375502.01","XS1198022706",""
"Green ","4","TRY","125000000","0.083","2018-03-01","2022-03-04","33389427.57","XS1198022706",""
"Green ","5","INR","960900000","0.058","2018-02-27","2023-02-27","15042226.75","XS1772335367",""
"Green ","10","INR","300000000","0.052","2018-02-14","2028-02-14","4725000","XS1762688593",""
"Green ","4","TRY","50000000","0.083","2018-01-16","2022-03-04","13289036.54","XS1198022706",""
"Green ","4","TRY","50000000","0.083","2017-12-20","2022-03-04","13054830.29","XS1198022706",""
"Green ","4","TRY","25000000","0.083","2017-12-06","2022-03-04","6323670.76","XS1198022706",""
"Green ","5","INR","233100000","0.048","2017-10-30","2022-11-02","3579683","XS1691470279",""
"Green ","4","TRY","50000000","0.083","2017-10-26","2022-03-04","13679890.56","XS1198022706",""
"Green ","6","ZAR","250000000","0.07","2017-09-20","2023-06-07","18982536.07","XS0941866252",""
"Green ","5","TRY","75000000","0.083","2017-08-17","2022-03-04","21177467.17","XS1198022706",""
"Green ","5","TRY","25000000","0.083","2017-06-30","2022-03-04","7092198.58","XS1198022706",""
"Green ","5","TRY","50000000","0.083","2017-06-23","2022-03-04","14206159.79","XS1198022706",""
"Green ","5","TRY","25000000","0.083","2017-05-11","2022-03-04","7070335.7","XS1198022706",""
"Green ","5","TRY","13000000","0.083","2017-02-27","2022-03-04","3539726.62","XS1198022706",""
"Green ","5","TRY","12000000","0.083","2017-01-30","2022-03-04","3140950.14","XS1198022706",""
"Green ","3","MXN","150000000","0.075","2016-11-18","2020-03-05","7281553.4","XS0490347415",""
"Green ","3","MXN","150000000","0.075","2016-10-18","2020-03-05","7905554.97","XS0490347415",""
"Green ","5","INR","263000000","0.053","2016-06-29","2021-07-12","3907875.19","XS1422798279",""
"Green ","20","USD","5000000","0.028","2016-05-31","2036-05-31","5000000","US45905UWL42",""
"Green ","5","BRL","6000000","0","2016-04-27","2021-04-28","1137012.83","XS1388500131",""
"Green ","5","INR","300000000","0.056","2016-04-27","2021-04-28","4521477","XS1392102551",""
"Green ","3","USD","45000000","0.012","2016-03-29","2019-01-29","45000000","US45905UVR21",""
"Green ","1","BRL","30000000","0.095","2016-03-22","2017-03-02","8298755.19","XS0490455069",""
"Green ","5","BRL","7000000","0","2016-03-10","2021-03-11","1047000","XS1353630814",""
"Green ","5","BRL","75000000","0.118","2016-02-29","2020-11-04","19035532.99","XS1315186921",""
"Green ","5","INR","378500000","0.055","2016-02-26","2021-02-26","5597000","XS1363062354",""
"Green ","5","INR","607000000","0.058","2016-01-28","2021-01-29","9120000","XS1342540090",""
"Green ","4","COP","50000000000","0.08","2015-12-29","2020-03-02","14956625.79","XS0490636791",""
"Green ","5","INR","1470000000","0.058","2015-12-21","2020-12-22","22143889.27","XS1327417272",""
"Green ","7","TRY","50000000","0.083","2015-03-04","2022-03-04","20088388.91","XS1198022706",""
"Green ","2","BRL","50000000","0.095","2014-09-19","2017-03-02","21500752.53","XS0490455069",""
"Green ","7","PLN","65000000","0.033","2012-01-31","2019-01-31","19649334.95","XS0739611571","http://pubdocs.worldbank.org/en/722521550243867869/ft-2012-XS0739611571.pdf"
"Green ","2","USD","400000000","0.005","2011-12-15","2013-12-16","400000000","US45905UKC70","http://pubdocs.worldbank.org/en/351271544553091198/ft-2011-US45905UKC70.pdf"
"Green ","6","BRL","25000000","0.095","2011-04-14","2017-03-02","15693659.76","XS0490455069","http://pubdocs.worldbank.org/en/433241544553063623/ft-2010-XS0490455069-t6.pdf"
"Green ","5","USD","10000000","0.022","2011-04-14","2016-04-15","10000000","XS0615756854",""
"Green ","6","USD","10000000","0.02","2010-12-20","2016-10-20","10000000","US45905UHN72","http://pubdocs.worldbank.org/en/182531541195041523/ft-2010-US45905UHN72.pdf"
"Green ","9","COP","75000000000","0.08","2010-11-24","2020-03-02","39830058.42","XS0490636791",""
"Green ","6","RUB","300000000","0.075","2010-11-12","2017-03-02","9756097.56","XS0490457438","http://pubdocs.worldbank.org/en/143151541195101066/ft-2010-XS0490457438.pdf"
"Green ","9","MXN","150000000","0.075","2010-09-20","2020-03-05","11564704.52","XS0490347415",""
"Green ","6","SEK","2325000000","0.035","2008-11-12","2014-11-12","300000000","XS0398811959","http://pubdocs.worldbank.org/en/906091544553040376/ft-2008-XS0398811959.pdf"
"Green ","7","MXN","1250000000","0.069","2022-02-09","2029-02-09","60735039.75","XS2439227047","https://thedocs.worldbank.org/en/doc/9432c736ecf816d43c8901505283f24e-0340022022/original/ft-2022-XS2439227047.pdf"
"Green ","7","INR","2250000000","0.061","2022-02-09","2029-02-09","30032034.17","XS2439527271","https://thedocs.worldbank.org/en/doc/61d3609cd5bd68c143bc5609afff5ec9-0340022022/original/ft-2022-XS2439527271.pdf"
"Green ","7","IDR","715000000000","0.054","2022-02-09","2029-02-09","50017488.63","XS2439526547","https://thedocs.worldbank.org/en/doc/58470c3d7fcacd95a78c202a1397ea8f-0340022022/original/ft-2022-XS2439526547.pdf"
"Green ","7","ZAR","800000000","0.068","2022-02-09","2029-02-09","52835272.83","XS2439224374","https://thedocs.worldbank.org/en/doc/33afb517cd621714e7feeac1ee1770af-0340022022/original/ft-2022-XS2439224374.pdf"
"Green ","7","BRL","425000000","0.095","2022-02-09","2029-02-09","78387251.47","XS2439224705","https://thedocs.worldbank.org/en/doc/b4fd1826bedcc98ee8199cfd9b9be941-0340022022/original/ft-2022-XS2439224705.pdf"
"Green ","5","ZAR","380000000","0.053","2021-02-05","2026-02-05","25000000","XS2295730803","http://pubdocs.worldbank.org/en/680211614660793064/ft-2021-XS2295730803.pdf"
"Green ","10","AUD","130000000","0.012","2021-01-28","2031-01-28","100165000","XS2288944510",""
"Green ","5","BRL","750000000","0.05","2021-01-22","2026-01-22","136936278.98","XS2288097640","http://pubdocs.worldbank.org/en/712561611771638929/ft-2021-XS2288097640.pdf"
"Green ","5","MXN","3500000000","0.043","2021-01-22","2026-01-22","175087543.77","XS2288098457","http://pubdocs.worldbank.org/en/102491611771618199/ft-2021-XS2288098457.pdf"
"Green ","5","TRY","350000000","0.12","2021-01-22","2026-01-22","46604527.3","XS2288098291","http://pubdocs.worldbank.org/en/155151611771622757/ft-2021-XS2288098291.pdf"
"Green ","7","BRL","150000000","0.058","2021-01-15","2028-01-14","28105677.35","XS2285181074","http://pubdocs.worldbank.org/en/352171611771632015/ft-2021-XS2285181074.pdf"
"Green ","13","USD","50000000","0","2020-12-02","2033-12-05","50000000","XS2265026372",""
"Green ","5","MXN","103000000","0.041","2020-11-24","2025-11-25","5003108.71","XS2261206457",""
"Green ","7","SEK","1000000000","0.001","2020-10-15","2027-10-15","112544847.71","XS2243753360",""